<?xml version="1.0" encoding="UTF-8"?>
<metadata xml:lang="en"><Esri><CreaDate>20120627</CreaDate><CreaTime>00223400</CreaTime><ArcGISFormat>1.0</ArcGISFormat><SyncOnce>TRUE</SyncOnce><DataProperties><lineage><Process ToolSource="C:\ArcGIS\Desktop10.0\ArcToolbox\Toolboxes\Data Management Tools.tbx\CalculateStatistics" Date="20120627" Time="002234">CalculateStatistics T:\ned\holding\ned_1\dem11947 1 1 #</Process><Process ToolSource="C:\ArcGIS\Desktop10.0\ArcToolbox\Toolboxes\Data Management Tools.tbx\BuildPyramids" Date="20120628" Time="102017">BuildPyramids T:\ned\holding\ned_1\dem11947</Process></lineage></DataProperties></Esri></metadata>
